ID,Employment Type
0,0
1,1
2,0
3,0
4,0
5,77
6,0
7,239
8,272
9,114
10,0
11,311
12,0
13,33
14,0
15,251
16,0
17,0
18,0
19,0
20,0
21,0
22,0
23,140
24,0
25,9
26,242
27,0
28,355
29,90
30,48
31,120
32,0
33,150
34,191
35,148
36,0
37,0
38,15
39,284
40,271
41,0
42,82
43,0
44,375
45,0
46,365
47,260
48,301
49,0
50,0
51,0
52,0
53,0
54,360
55,0
56,257
57,48
58,173
59,0
60,75
61,0
62,0
63,0
64,174
65,0
66,93
67,24
68,272
69,177
70,316
71,0
72,0
73,200
74,0
75,150
76,226
77,0
78,0
79,0
80,0
81,0
82,53
83,264
84,0
85,0
86,0
87,255
88,170
89,391
90,0
91,0
92,0
93,225
94,0
95,0
96,28
97,0
98,0
99,0
100,0
101,0
102,0
103,92
104,105
105,0
106,0
107,244
108,0
109,0
110,106
111,0
112,0
113,0
114,0
115,0
116,32
117,227
118,346
119,0
120,0
121,336
122,0
123,0
124,0
125,0
126,231
127,249
128,0
129,0
130,0
131,309
132,176
133,0
134,203
135,72
136,0
137,38
138,312
139,0
140,0
141,0
142,0
143,0
144,111
145,0
146,367
147,152
148,0
149,384
150,32
151,0
152,0
153,0
154,0
155,237
156,0
157,0
158,273
159,0
160,0
161,0
162,0
163,0
164,53
165,312
166,0
167,52
168,67
169,0
170,22
171,0
172,0
173,0
174,360
175,0
176,50
177,0
178,184
179,387
180,379
181,333
182,273
183,23
184,119
185,174
186,0
187,273
188,249
189,0
190,95
191,138
192,0
193,0
194,248
195,0
196,220
197,272
198,390
199,0
200,116
201,0
202,388
203,287
204,0
205,0
206,0
207,0
208,0
209,380
210,0
211,0
212,0
213,340
214,56
215,322
216,0
217,308
218,293
219,0
220,0
221,0
222,332
223,0
224,0
225,241
226,0
227,0
228,120
229,295
230,351
231,300
232,0
233,0
234,10
235,171
236,0
237,0
238,0
239,84
240,152
241,0
242,278
243,0
244,242
245,0
246,0
247,0
248,0
249,0
250,66
251,0
252,0
253,0
254,63
255,0
256,0
257,0
258,307
259,0
260,0
261,0
262,0
263,91
264,0
265,332
266,0
267,0
268,109
269,0
270,0
271,105
272,0
273,0
274,104
275,175
276,0
277,0
278,0
279,295
280,30
281,222
282,190
283,0
284,206
285,126
286,294
287,0
288,0
289,394
290,0
291,0
292,0
293,0
294,0
295,394
296,0
297,27
298,0
299,0
300,267
301,0
302,0
303,0
304,0
305,374
306,0
307,0
308,369
309,0
310,225
311,334
312,231
313,232
314,0
315,255
316,102
317,0
318,0
319,0
320,29
321,0
322,390
323,0
324,0
325,213
326,395
327,0
328,392
329,46
330,0
331,0
332,157
333,0
334,0
335,57
336,0
337,24
338,0
339,106
340,329
341,0
342,335
343,0
344,137
345,0
346,0
347,0
348,0
349,187
350,0
351,340
352,128
353,0
354,0
355,0
356,29
357,205
358,311
359,364
360,178
361,97
362,156
363,186
364,0
365,0
366,370
367,49
368,24
369,0
370,0
371,366
372,186
373,241
374,0
375,249
376,132
377,0
378,0
379,0
380,253
381,157
382,388
383,0
384,6
385,0
386,0
387,64
388,0
389,0
390,152
391,0
392,0
393,0
394,0
395,0
396,0
397,56
398,0
399,59
400,0
401,264
402,89
403,0
404,0
405,23
406,372
407,0
408,142
409,0
410,100
411,0
412,0
413,0
414,0
415,0
416,0
417,0
418,0
419,0
420,8
421,0
422,0
423,8
424,0
425,0
426,0
427,0
428,351
429,33
430,0
431,176
432,0
433,135
434,269
435,0
436,0
437,238
438,290
439,32
440,0
441,0
442,0
443,0
444,0
445,0
446,0
447,0
448,396
449,0
450,0
451,301
452,206
453,206
454,157
455,0
456,0
457,371
458,0
459,397
460,0
461,0
462,0
463,56
464,27
465,268
466,0
467,0
468,0
469,363
470,271
471,0
472,0
473,0
474,233
475,360
476,111
477,0
478,276
479,0
480,0
481,3
482,348
483,238
484,0
485,162
486,0
487,0
488,271
489,214
490,0
491,0
492,213
493,41
494,0
495,33
496,0
497,23
498,49
499,0
500,0
501,0
502,0
503,0
504,0
505,0
506,13
507,0
508,28
509,2
510,166
511,219
512,279
513,177
514,197
515,0
516,83
517,0
518,0
519,219
520,0
521,0
522,0
523,0
524,255
525,314
526,0
527,0
528,0
529,197
530,0
531,309
532,0
533,68
534,0
535,0
536,152
537,256
538,0
539,0
540,147
541,10
542,0
543,0
544,346
545,0
546,0
547,0
548,0
549,0
550,126
551,0
552,0
553,0
554,278
555,0
556,0
557,0
558,0
559,0
560,0
561,0
562,0
563,0
564,209
565,0
566,13
567,0
568,0
569,0
570,0
571,0
572,0
573,0
574,0
575,0
576,167
577,0
578,0
579,310
580,64
581,255
582,135
583,146
584,251
585,19
586,0
587,50
588,394
589,24
590,0
591,0
592,195
593,0
594,0
595,252
596,333
597,19
598,0
599,0
600,0
601,73
602,311
603,0
604,0
605,0
606,382
607,0
608,0
609,30
610,0
611,0
612,0
613,312
614,0
615,0
616,194
617,0
618,0
619,321
620,390
621,0
622,0
623,34
624,0
625,78
626,0
627,319
628,198
629,0
630,0
631,0
632,0
633,0
634,0
635,0
636,0
637,0
638,0
639,5
640,120
641,381
642,0
643,212
644,0
645,38
646,0
647,0
648,361
649,271
650,0
651,312
652,0
653,0
654,0
655,80
656,0
657,0
658,0
659,153
660,0
661,0
662,0
663,0
664,0
665,0
666,378
667,295
668,233
669,392
670,0
671,0
672,0
673,0
674,0
675,346
676,0
677,0
678,369
679,0
680,81
681,0
682,0
683,0
684,50
685,0
686,282
687,0
688,56
689,109
690,303
691,0
692,0
693,0
694,30
695,0
696,0
697,0
698,17
699,0
700,0
701,0
702,0
703,0
704,374
705,154
706,31
707,156
708,36
709,244
710,0
711,127
712,0
713,149
714,7
715,245
716,0
717,32
718,142
719,0
720,37
721,278
722,347
723,365
724,184
725,153
726,0
727,0
728,0
729,156
730,34
731,0
732,303
733,18
734,0
735,320
736,0
737,149
738,0
739,0
740,345
741,0
742,0
743,0
744,0
745,5
746,0
747,0
748,331
749,0
750,0
751,157
752,0
753,0
754,0
755,0
756,0
757,0
758,0
759,0
760,373
761,0
762,0
763,0
764,312
765,63
766,97
767,0
768,0
769,278
770,0
771,113
772,0
773,120
774,320
775,0
776,158
777,0
778,335
779,0
780,0
781,283
782,0
783,378
784,0
785,0
786,278
787,11
788,0
789,277
790,0
791,0
792,113
793,272
794,0
795,203
796,0
797,0
798,0
799,0
800,0
801,0
802,66
803,232
804,291
805,0
806,134
807,0
808,0
809,74
810,187
811,0
812,0
813,0
814,0
815,306
816,63
817,0
818,0
819,322
820,85
821,0
822,327
823,0
824,0
825,0
826,381
827,0
828,62
829,0
830,327
831,312
832,0
833,66
834,0
835,106
836,23
837,206
838,0
839,99
840,69
841,0
842,273
843,392
844,81
845,131
846,0
847,0
848,255
849,0
850,230
851,0
852,0
853,0
854,0
855,0
856,301
857,0
858,0
859,0
860,271
861,273
862,0
863,0
864,207
865,0
866,379
867,0
868,174
869,6
870,10
871,355
872,37
873,254
874,386
875,0
876,0
877,243
878,0
879,306
880,182
881,0
882,0
883,19
884,0
885,0
886,143
887,285
888,0
889,69
890,0
891,0
892,189
893,0
894,0
895,0
896,0
897,0
898,319
899,254
900,207
901,0
902,0
903,0
904,0
905,338
906,0
907,276
908,0
909,346
910,354
911,79
912,0
913,0
914,27
915,0
916,75
917,318
918,0
919,152
920,0
921,51
922,0
923,272
924,0
925,315
926,24
927,0
928,0
929,0
930,0
931,0
932,0
933,261
934,0
935,0
936,0
937,0
938,51
939,179
940,122
941,0
942,79
943,0
944,0
945,359
946,31
947,210
948,20
949,0
950,206
951,159
952,0
953,33
954,53
955,123
956,157
957,305
958,280
959,0
960,0
961,0
962,249
963,0
964,0
965,0
966,116
967,0
968,0
969,348
970,45
971,0
972,0
973,314
974,0
975,0
976,302
977,0
978,0
979,148
980,0
981,216
982,0
983,0
984,0
985,0
986,318
987,176
988,0
989,0
990,398
991,0
992,0
993,83
994,0
995,30
996,0
997,151
998,185
999,0
1000,252
1001,0
1002,0
1003,0
1004,0
1005,0
1006,0
1007,0
1008,88
1009,0
1010,173
1011,0
1012,393
1013,0
1014,205
1015,125
1016,260
1017,308
1018,0
1019,0
1020,140
1021,31
1022,368
1023,0
1024,0
1025,223
1026,367
1027,383
1028,10
1029,205
1030,92
1031,381
1032,0
1033,396
1034,0
1035,0
1036,0
1037,368
1038,0
1039,123
1040,154
1041,0
1042,0
1043,0
1044,0
1045,95
1046,39
1047,316
1048,0
1049,96
1050,0
1051,51
1052,130
1053,269
1054,0
1055,6
1056,0
1057,300
1058,0
1059,3
1060,0
1061,0
1062,216
1063,0
1064,0
1065,0
1066,40
1067,263
1068,331
1069,304
1070,0
1071,0
1072,0
1073,40
1074,0
1075,231
1076,400
1077,0
1078,223
1079,252
1080,366
1081,0
1082,0
1083,285
1084,194
1085,0
1086,0
1087,5
1088,0
1089,0
1090,357
1091,17
1092,199
1093,140
1094,0
1095,0
1096,0
1097,95
1098,278
1099,0
1100,12
1101,0
1102,0
1103,0
1104,0
1105,259
1106,24
1107,0
1108,27
1109,270
1110,0
1111,255
1112,67
1113,0
1114,367
1115,0
1116,0
1117,193
1118,0
1119,0
1120,0
1121,0
1122,0
1123,14
1124,273
1125,384
1126,69
1127,0
1128,319
1129,394
1130,0
1131,60
1132,317
1133,0
1134,0
1135,0
1136,315
1137,401
1138,0
1139,0
1140,0
1141,0
1142,0
1143,0
1144,99
1145,229
1146,0
1147,41
1148,219
1149,354
1150,0
1151,27
1152,324
1153,145
1154,386
1155,0
1156,0
1157,0
1158,370
1159,0
1160,388
1161,290
1162,0
1163,0
1164,0
1165,0
1166,0
1167,0
1168,0
1169,0
1170,0
1171,0
1172,242
1173,0
1174,0
1175,284
1176,285
1177,180
1178,169
1179,0
1180,362
1181,109
1182,322
1183,245
1184,90
1185,0
1186,0
1187,184
1188,0
1189,0
1190,48
1191,0
1192,114
1193,243
1194,0
1195,99
1196,0
1197,0
1198,258
1199,280
1200,0
1201,0
1202,37
1203,117
1204,0
1205,277
1206,168
1207,0
1208,15
1209,0
1210,0
1211,0
1212,0
1213,0
1214,0
1215,0
1216,0
1217,67
1218,0
1219,0
1220,358
1221,263
1222,70
1223,0
1224,0
1225,0
1226,0
1227,248
1228,384
1229,0
1230,118
1231,0
1232,0
1233,283
1234,0
1235,0
1236,64
1237,367
1238,308
1239,359
1240,137
1241,0
1242,0
1243,0
1244,0
1245,396
1246,0
1247,0
1248,0
1249,39
1250,0
1251,202
1252,0
1253,0
1254,0
1255,0
1256,0
1257,269
1258,0
1259,0
1260,0
1261,0
1262,0
1263,76
1264,0
1265,0
1266,240
1267,218
1268,326
1269,0
1270,320
1271,202
1272,0
1273,0
1274,0
1275,0
1276,287
1277,277
1278,0
1279,0
1280,0
1281,316
1282,0
1283,235
1284,0
1285,343
1286,0
1287,0
1288,0
1289,217
1290,0
1291,156
1292,254
1293,0
1294,0
1295,0
1296,361
1297,150
1298,0
1299,103
1300,0
1301,0
1302,273
1303,0
1304,0
1305,0
1306,151
1307,0
1308,0
1309,0
1310,0
1311,144
1312,0
1313,0
1314,0
1315,0
1316,0
1317,0
1318,0
1319,0
1320,312
1321,0
1322,0
1323,328
1324,0
1325,0
1326,0
1327,151
1328,33
1329,0
1330,96
1331,0
1332,232
1333,339
1334,0
1335,68
1336,229
1337,178
1338,276
1339,0
1340,144
1341,0
1342,0
1343,255
1344,0
1345,266
1346,207
1347,0
1348,342
1349,0
1350,0
1351,0
1352,114
1353,388
1354,0
1355,312
1356,187
1357,0
1358,6
1359,0
1360,0
1361,0
1362,0
1363,0
1364,361
1365,0
1366,16
1367,308
1368,0
1369,284
1370,392
1371,278
1372,0
1373,346
1374,0
1375,154
1376,0
1377,399
1378,0
1379,254
1380,21
1381,0
1382,0
1383,183
1384,0
1385,143
1386,65
1387,391
1388,0
1389,363
1390,0
1391,143
1392,0
1393,0
1394,332
1395,73
1396,0
1397,0
1398,333
1399,188
1400,0
1401,0
1402,284
1403,163
1404,0
1405,15
1406,0
1407,190
1408,0
1409,0
1410,0
1411,82
1412,69
1413,0
1414,0
1415,0
1416,0
1417,0
1418,192
1419,0
1420,0
1421,0
1422,135
1423,0
1424,0
1425,0
1426,0
1427,0
1428,92
1429,390
1430,13
1431,0
1432,0
1433,0
1434,0
1435,0
1436,0
1437,146
1438,0
1439,233
1440,327
1441,53
1442,0
1443,315
1444,258
1445,0
1446,308
1447,329
1448,0
1449,25
1450,0
1451,58
1452,266
1453,226
1454,0
1455,0
1456,0
1457,0
1458,25
1459,0
1460,0
1461,0
1462,0
1463,180
1464,0
1465,333
1466,402
1467,41
1468,208
1469,48
1470,0
1471,0
1472,0
1473,0
1474,214
1475,0
1476,147
1477,0
1478,198
1479,0
1480,0
1481,0
1482,0
1483,0
1484,252
1485,206
1486,0
1487,279
1488,0
1489,289
1490,0
1491,277
1492,109
1493,300
1494,0
1495,361
1496,30
1497,0
1498,0
1499,373
1500,0
1501,285
1502,0
1503,14
1504,0
1505,0
1506,0
1507,271
1508,185
1509,0
1510,14
1511,269
1512,0
1513,397
1514,0
1515,343
1516,0
1517,0
1518,161
1519,0
1520,0
1521,305
1522,0
1523,0
1524,291
1525,0
1526,0
1527,0
1528,0
1529,195
1530,0
1531,384
1532,0
1533,0
1534,0
1535,233
1536,0
1537,0
1538,209
1539,42
1540,295
1541,282
1542,319
1543,0
1544,229
1545,0
1546,0
1547,0
1548,0
1549,0
1550,101
1551,0
1552,0
1553,0
1554,0
1555,197
1556,243
1557,0
1558,0
1559,0
1560,273
1561,327
1562,0
1563,0
1564,191
1565,0
1566,0
1567,344
1568,0
1569,393
1570,0
1571,123
1572,0
1573,385
1574,264
1575,0
1576,39
1577,0
1578,192
1579,0
1580,300
1581,0
1582,43
1583,170
1584,341
1585,150
1586,340
1587,125
1588,120
1589,53
1590,34
1591,0
1592,192
1593,0
1594,0
1595,0
1596,0
1597,0
1598,0
1599,206
1600,0
1601,0
1602,0
1603,259
1604,0
1605,135
1606,0
1607,0
1608,297
1609,0
1610,2
1611,0
1612,102
1613,0
1614,0
1615,0
1616,0
1617,67
1618,0
1619,0
1620,156
1621,109
1622,8
1623,0
1624,0
1625,0
1626,27
1627,114
1628,0
1629,0
1630,33
1631,364
1632,34
1633,0
1634,341
1635,0
1636,0
1637,6
1638,270
1639,0
1640,0
1641,0
1642,0
1643,0
1644,0
1645,391
1646,124
1647,0
1648,0
1649,0
1650,19
1651,312
1652,0
1653,0
1654,0
1655,147
1656,0
1657,82
1658,187
1659,0
1660,280
1661,276
1662,277
1663,146
1664,198
1665,204
1666,0
1667,0
1668,0
1669,371
1670,0
1671,0
1672,0
1673,0
1674,242
1675,223
1676,308
1677,0
1678,0
1679,141
1680,0
1681,0
1682,0
1683,159
1684,0
1685,271
1686,0
1687,0
1688,147
1689,88
1690,14
1691,0
1692,6
1693,0
1694,0
1695,0
1696,0
1697,0
1698,209
1699,151
1700,0
1701,151
1702,350
1703,112
1704,137
1705,0
1706,36
1707,384
1708,0
1709,67
1710,0
1711,0
1712,161
1713,0
1714,0
1715,41
1716,117
1717,325
1718,0
1719,325
1720,38
1721,0
1722,0
1723,74
1724,0
1725,323
1726,0
1727,160
1728,158
1729,282
1730,0
1731,0
1732,161
1733,303
1734,0
1735,0
1736,0
1737,256
1738,0
1739,229
1740,0
1741,0
1742,33
1743,0
1744,0
1745,0
1746,223
1747,0
1748,0
1749,0
1750,0
1751,118
1752,0
1753,75
1754,6
1755,299
1756,230
1757,257
1758,140
1759,370
1760,0
1761,0
1762,79
1763,0
1764,0
1765,0
1766,0
1767,349
1768,43
1769,274
1770,0
1771,101
1772,0
1773,24
1774,0
1775,0
1776,252
1777,290
1778,0
1779,0
1780,0
1781,0
1782,0
1783,157
1784,0
1785,311
1786,223
1787,87
1788,0
1789,0
1790,147
1791,56
1792,134
1793,0
1794,0
1795,0
1796,47
1797,0
1798,0
1799,207
1800,347
1801,350
1802,312
1803,206
1804,378
1805,0
1806,0
1807,321
1808,256
1809,0
1810,0
1811,266
1812,0
1813,0
1814,78
1815,0
1816,112
1817,0
1818,0
1819,323
1820,291
1821,0
1822,0
1823,0
1824,0
1825,0
1826,0
1827,0
1828,369
1829,0
1830,89
1831,62
1832,72
1833,0
1834,0
1835,23
1836,0
1837,0
1838,0
1839,355
1840,0
1841,0
1842,393
1843,93
1844,0
1845,217
1846,0
1847,210
1848,144
1849,120
1850,44
1851,0
1852,132
1853,0
1854,0
1855,0
1856,288
1857,0
1858,0
1859,0
1860,0
1861,0
1862,97
1863,0
1864,211
1865,132
1866,0
1867,0
1868,0
1869,98
1870,290
1871,0
1872,0
1873,0
1874,0
1875,0
1876,0
1877,43
1878,115
1879,217
1880,0
1881,0
1882,389
1883,0
1884,0
1885,0
1886,0
1887,0
1888,114
1889,0
1890,224
1891,0
1892,0
1893,0
1894,175
1895,0
1896,0
1897,0
1898,0
1899,0
1900,343
1901,0
1902,0
1903,0
1904,131
1905,109
1906,0
1907,21
1908,0
1909,0
1910,0
1911,364
1912,396
1913,0
1914,44
1915,275
1916,393
1917,109
1918,0
1919,0
1920,0
1921,0
1922,0
1923,285
1924,0
1925,104
1926,0
1927,146
1928,0
1929,220
1930,0
1931,0
1932,402
1933,209
1934,0
1935,80
1936,0
1937,0
1938,0
1939,0
1940,106
1941,150
1942,0
1943,351
1944,0
1945,228
1946,339
1947,320
1948,0
1949,0
1950,79
1951,191
1952,0
1953,0
1954,317
1955,0
1956,326
1957,0
1958,0
1959,0
1960,226
1961,60
1962,0
1963,0
1964,396
1965,108
1966,118
1967,364
1968,78
1969,0
1970,327
1971,0
1972,0
1973,0
1974,162
1975,288
1976,396
1977,383
1978,0
1979,0
1980,0
1981,0
1982,0
1983,0
1984,103
1985,0
1986,317
1987,260
1988,0
1989,23
1990,0
1991,28
1992,0
1993,0
1994,252
1995,0
1996,0
1997,0
1998,0
1999,0
2000,0
2001,0
2002,43
2003,0
2004,35
2005,327
2006,0
2007,0
2008,0
2009,19
2010,0
2011,0
2012,255
2013,0
2014,111
2015,0
2016,0
2017,278
2018,0
2019,0
2020,0
2021,216
2022,0
2023,0
2024,199
2025,0
2026,0
2027,311
2028,27
2029,0
2030,150
2031,182
2032,388
2033,385
2034,146
2035,0
2036,0
2037,135
2038,0
2039,216
2040,245
2041,245
2042,0
2043,129
2044,229
2045,8
2046,378
2047,0
2048,0
2049,112
2050,0
2051,353
2052,177
2053,0
2054,0
2055,36
2056,0
2057,224
2058,0
2059,224
2060,0
2061,127
2062,109
2063,0
2064,189
2065,7
2066,0
2067,0
2068,191
2069,206
2070,274
2071,162
2072,0
2073,0
2074,0
2075,0
2076,0
2077,113
2078,0
2079,0
2080,232
2081,368
2082,282
2083,0
2084,0
2085,49
2086,390
2087,0
2088,0
2089,0
2090,0
2091,221
2092,291
2093,143
2094,195
2095,159
2096,0
2097,0
2098,0
2099,0
2100,0
2101,0
2102,395
2103,119
2104,0
2105,70
2106,0
2107,0
2108,236
2109,95
2110,0
2111,202
2112,381
2113,0
2114,382
2115,0
2116,0
2117,99
2118,133
2119,0
2120,0
2121,67
2122,0
2123,35
2124,130
2125,0
2126,0
2127,0
2128,0
2129,5
2130,0
2131,0
2132,362
2133,0
2134,0
2135,0
2136,0
2137,0
2138,255
2139,0
2140,0
2141,0
2142,47
2143,344
2144,302
2145,0
2146,371
2147,0
2148,368
2149,162
2150,0
2151,183
2152,0
2153,303
2154,0
2155,0
2156,0
2157,219
2158,0
2159,0
2160,94
2161,0
2162,0
2163,0
2164,0
2165,398
2166,69
2167,0
2168,0
2169,10
2170,258
2171,0
2172,289
2173,0
2174,0
2175,168
2176,0
2177,0
2178,260
2179,0
2180,0
2181,0
2182,0
2183,330
2184,181
2185,185
2186,14
2187,0
2188,0
2189,223
2190,0
2191,300
2192,0
2193,0
2194,0
2195,0
2196,0
2197,190
2198,166
2199,156
2200,0
2201,0
2202,0
2203,47
2204,0
2205,257
2206,0
2207,180
2208,0
2209,11
2210,0
2211,0
2212,0
2213,0
2214,0
2215,0
2216,348
2217,0
2218,0
2219,321
2220,220
2221,177
2222,370
2223,130
2224,267
2225,0
2226,0
2227,138
2228,0
2229,84
2230,0
2231,0
2232,209
2233,0
2234,390
2235,377
2236,93
2237,309
2238,0
2239,294
2240,0
2241,156
2242,0
2243,314
2244,367
2245,0
2246,20
2247,0
2248,321
2249,257
2250,117
2251,0
2252,0
2253,0
2254,153
2255,0
2256,2
2257,0
2258,33
2259,0
2260,198
2261,0
2262,266
2263,0
2264,177
2265,356
2266,0
2267,0
2268,0
2269,0
2270,0
2271,0
2272,65
2273,72
2274,0
2275,97
2276,0
2277,36
2278,220
2279,0
2280,261
2281,0
2282,71
2283,0
2284,215
2285,77
2286,0
2287,0
2288,395
2289,29
2290,0
2291,39
2292,0
2293,0
2294,143
2295,0
2296,0
2297,124
2298,0
2299,0
2300,0
2301,0
2302,0
2303,246
2304,273
2305,0
2306,356
2307,0
2308,0
2309,0
2310,0
2311,0
2312,0
2313,0
2314,401
2315,0
2316,319
2317,0
2318,0
2319,184
2320,392
2321,173
2322,197
2323,247
2324,0
2325,0
2326,399
2327,218
2328,300
2329,0
2330,134
2331,0
2332,273
2333,0
2334,0
2335,0
2336,165
2337,0
2338,206
2339,312
2340,0
2341,314
2342,0
2343,0
2344,0
2345,220
2346,195
2347,0
2348,0
2349,0
2350,0
2351,0
2352,370
2353,0
2354,0
2355,81
2356,0
2357,0
2358,0
2359,0
2360,0
2361,298
2362,0
2363,304
2364,0
2365,0
2366,355
2367,194
2368,0
2369,0
2370,0
2371,0
2372,0
2373,0
2374,0
2375,0
2376,0
2377,386
2378,333
2379,258
2380,0
2381,267
2382,0
2383,96
2384,0
2385,280
2386,0
2387,141
2388,0
2389,40
2390,0
2391,0
2392,0
2393,386
2394,0
2395,0
2396,216
2397,143
2398,14
2399,154
2400,101
2401,0
2402,355
2403,0
2404,74
2405,42
2406,0
2407,153
2408,253
2409,0
2410,0
2411,0
2412,0
2413,0
2414,25
2415,0
2416,0
2417,228
2418,0
2419,0
2420,107
2421,255
2422,330
2423,0
2424,145
2425,0
2426,140
2427,0
2428,0
2429,7
2430,0
2431,58
2432,0
2433,0
2434,0
2435,290
2436,352
2437,312
2438,17
2439,0
2440,0
2441,10
2442,0
2443,0
2444,202
2445,141
2446,0
2447,214
2448,0
2449,0
2450,62
2451,48
2452,0
2453,0
2454,0
2455,69
2456,393
2457,0
2458,109
2459,14
2460,379
2461,0
2462,0
2463,0
2464,91
2465,49
2466,0
2467,0
2468,282
2469,186
2470,0
2471,0
2472,0
2473,0
2474,0
2475,100
2476,0
2477,0
2478,0
2479,275
2480,166
2481,0
2482,180
2483,0
2484,0
2485,215
2486,271
2487,0
2488,226
2489,0
2490,0
2491,0
2492,0
2493,0
2494,15
2495,32
2496,45
2497,0
2498,0
2499,0
2500,315
2501,138
2502,0
2503,304
2504,0
2505,0
2506,0
2507,220
2508,206
2509,0
2510,182
2511,81
2512,0
2513,0
2514,0
2515,0
2516,0
2517,286
2518,36
2519,0
2520,31
2521,0
2522,206
2523,250
2524,0
2525,0
2526,379
2527,0
2528,390
2529,0
2530,352
2531,389
2532,0
2533,84
2534,0
2535,202
2536,0
2537,0
2538,0
2539,107
2540,0
2541,0
2542,0
2543,377
2544,0
2545,0
2546,0
2547,0
2548,0
2549,0
2550,0
2551,0
2552,0
2553,0
2554,0
2555,0
2556,0
2557,403
2558,0
2559,0
2560,0
2561,287
2562,0
2563,0
2564,0
2565,25
2566,0
2567,194
2568,0
2569,14
2570,66
2571,224
2572,284
2573,0
2574,326
2575,0
2576,181
2577,0
2578,0
2579,0
2580,0
2581,0
2582,307
2583,233
2584,0
2585,0
2586,109
2587,0
2588,39
2589,361
2590,0
2591,0
2592,0
2593,225
2594,126
2595,104
2596,0
2597,0
2598,0
2599,144
2600,0
2601,0
2602,291
2603,181
2604,55
2605,0
2606,0
2607,0
2608,21
2609,46
2610,369
2611,23
2612,0
2613,205
2614,195
2615,0
2616,180
2617,0
2618,204
2619,283
2620,0
2621,0
2622,0
2623,0
2624,0
2625,0
2626,66
2627,0
2628,201
2629,34
2630,126
2631,129
2632,0
2633,0
2634,27
2635,33
2636,135
2637,146
2638,247
2639,0
2640,0
2641,0
2642,0
2643,0
2644,0
2645,33
2646,285
2647,0
2648,0
2649,195
2650,50
2651,0
2652,0
2653,0
2654,0
2655,0
2656,0
2657,0
2658,3
2659,0
2660,0
2661,0
2662,96
2663,145
2664,0
2665,205
2666,0
2667,0
2668,0
2669,17
2670,370
2671,0
2672,0
2673,201
2674,335
2675,0
2676,42
2677,0
2678,195
2679,0
2680,0
2681,0
2682,0
2683,255
2684,138
2685,80
2686,0
2687,0
2688,0
2689,0
2690,52
2691,0
2692,0
2693,384
2694,243
2695,364
2696,0
2697,277
2698,0
2699,0
2700,0
2701,0
2702,65
2703,192
2704,0
2705,360
2706,0
2707,0
2708,0
2709,123
2710,0
2711,287
2712,0
2713,174
2714,64
2715,0
2716,0
2717,0
2718,0
2719,65
2720,0
2721,337
2722,95
2723,301
2724,338
2725,4
2726,335
2727,143
2728,0
2729,0
2730,0
2731,0
2732,61
2733,346
2734,0
2735,378
2736,0
2737,151
2738,169
2739,277
2740,0
2741,154
2742,0
2743,0
2744,0
2745,0
2746,0
2747,0
2748,10
2749,0
2750,392
2751,0
2752,0
2753,0
2754,376
2755,30
2756,0
2757,368
2758,56
2759,0
2760,0
2761,148
2762,0
2763,0
2764,19
2765,370
2766,10
2767,0
2768,0
2769,0
2770,385
2771,0
2772,370
2773,372
2774,0
2775,0
2776,192
2777,0
2778,0
2779,0
2780,0
2781,0
2782,74
2783,66
2784,0
2785,40
2786,360
2787,32
2788,0
2789,222
2790,352
2791,0
2792,320
2793,181
2794,0
2795,0
2796,151
2797,348
2798,0
2799,358
2800,0
2801,46
2802,0
2803,89
2804,266
2805,0
2806,0
2807,0
2808,387
2809,178
2810,0
2811,47
2812,0
2813,362
2814,0
2815,0
2816,0
2817,370
2818,0
2819,0
2820,0
2821,51
2822,36
2823,0
2824,330
2825,0
2826,273
2827,0
2828,0
2829,0
2830,128
2831,0
2832,170
2833,32
2834,0
2835,0
2836,0
2837,0
2838,0
2839,0
2840,0
2841,59
2842,0
2843,329
2844,0
2845,0
2846,36
2847,148
2848,12
2849,0
2850,321
2851,311
2852,0
2853,376
2854,167
2855,286
2856,0
2857,0
2858,0
2859,200
2860,0
2861,141
2862,195
2863,106
2864,125
2865,0
2866,0
2867,239
2868,0
2869,184
2870,0
2871,194
2872,0
2873,350
2874,0
2875,0
2876,32
2877,0
2878,165
2879,246
2880,0
2881,0
2882,230
2883,113
2884,342
2885,0
2886,16
2887,377
2888,271
2889,137
2890,0
2891,303
2892,76
2893,0
2894,0
2895,382
2896,14
2897,0
2898,152
2899,96
2900,0
2901,0
2902,0
2903,205
2904,117
2905,52
2906,0
2907,0
2908,0
2909,155
2910,252
2911,0
2912,256
2913,0
2914,372
2915,27
2916,0
2917,0
2918,22
2919,259
2920,369
2921,0
2922,201
2923,0
2924,0
2925,208
2926,279
2927,0
2928,210
2929,0
2930,182
2931,359
2932,0
2933,0
2934,0
2935,311
2936,0
2937,24
2938,144
2939,69
2940,0
2941,287
2942,354
2943,0
2944,0
2945,0
2946,0
2947,0
2948,123
2949,0
2950,0
2951,282
2952,131
2953,300
2954,0
2955,0
2956,0
2957,0
2958,125
2959,0
2960,26
2961,158
2962,403
2963,176
2964,389
2965,0
2966,77
2967,34
2968,0
2969,167
2970,0
2971,0
2972,0
2973,0
2974,0
2975,355
2976,0
2977,0
2978,0
2979,310
2980,291
2981,200
2982,0
2983,0
2984,87
2985,42
2986,386
2987,0
2988,0
2989,363
2990,0
2991,394
2992,50
2993,0
2994,154
2995,91
2996,0
2997,0
2998,0
2999,69
3000,0
3001,372
3002,53
3003,155
3004,0
3005,0
3006,26
3007,144
3008,0
3009,0
3010,0
3011,380
3012,192
3013,186
3014,0
3015,69
3016,0
3017,0
3018,0
3019,0
3020,292
3021,0
3022,241
3023,0
3024,214
3025,0
3026,18
3027,388
3028,0
3029,0
3030,0
3031,0
3032,123
3033,0
3034,0
3035,0
3036,30
3037,233
3038,0
3039,311
3040,285
3041,0
3042,0
3043,260
3044,304
3045,363
3046,0
3047,293
3048,0
3049,0
3050,0
3051,0
3052,45
3053,180
3054,382
3055,0
3056,155
3057,0
3058,282
3059,375
3060,173
3061,0
3062,0
3063,0
3064,0
3065,235
3066,356
3067,151
3068,0
3069,0
3070,152
3071,226
3072,0
3073,251
3074,0
3075,0
3076,198
3077,0
3078,399
3079,0
3080,239
3081,0
3082,308
3083,0
3084,0
3085,0
3086,0
3087,0
3088,293
3089,0
3090,0
3091,113
3092,342
3093,0
3094,350
3095,31
3096,0
3097,0
3098,0
3099,0
3100,0
3101,0
3102,273
3103,277
3104,38
3105,30
3106,0
3107,0
3108,397
3109,33
3110,0
3111,0
3112,0
3113,0
3114,316
3115,294
3116,0
3117,0
3118,0
3119,0
3120,0
3121,0
3122,0
3123,0
3124,134
3125,0
3126,0
3127,201
3128,0
3129,234
3130,0
3131,70
3132,0
3133,306
3134,207
3135,291
3136,0
3137,62
3138,273
3139,0
3140,0
3141,386
3142,0
3143,0
3144,0
3145,278
3146,390
3147,0
3148,0
3149,0
3150,161
3151,378
3152,177
3153,0
3154,0
3155,0
3156,0
3157,0
3158,0
3159,0
3160,382
3161,0
3162,392
3163,321
3164,279
3165,300
3166,0
3167,22
3168,0
3169,0
3170,0
3171,0
3172,174
3173,0
3174,220
3175,366
3176,0
3177,62
3178,0
3179,27
3180,0
3181,65
3182,266
3183,66
3184,0
3185,0
3186,332
3187,0
3188,0
3189,0
3190,0
3191,0
3192,113
3193,0
3194,0
3195,0
3196,101
3197,295
3198,399
3199,0
3200,0
3201,0
3202,0
3203,28
3204,0
3205,0
3206,312
3207,0
3208,315
3209,263
3210,355
3211,69
3212,0
3213,0
3214,0
3215,0
3216,0
3217,2
3218,90
3219,0
3220,394
3221,0
3222,54
3223,0
3224,9
3225,0
3226,125
3227,40
3228,0
3229,226
3230,373
3231,69
3232,279
3233,109
3234,0
3235,266
3236,0
3237,202
3238,0
3239,188
3240,0
3241,0
3242,0
3243,0
3244,0
3245,0
3246,0
3247,61
3248,316
3249,401
3250,0
3251,0
3252,0
3253,0
3254,0
3255,211
3256,0
3257,0
3258,0
3259,0
3260,274
3261,308
3262,386
3263,395
3264,90
3265,171
3266,150
3267,388
3268,0
3269,32
3270,0
3271,0
3272,386
3273,0
3274,307
3275,205
3276,0
3277,328
3278,0
3279,17
3280,0
3281,0
3282,283
3283,0
3284,10
3285,0
3286,0
3287,218
3288,153
3289,0
3290,0
3291,0
3292,0
3293,0
3294,390
3295,0
3296,0
3297,0
3298,0
3299,402
3300,0
3301,39
3302,111
3303,0
3304,0
3305,240
3306,149
3307,362
3308,1
3309,370
3310,0
3311,0
3312,53
3313,0
3314,0
3315,232
3316,0
3317,0
3318,0
3319,0
3320,0
3321,0
3322,0
3323,0
3324,0
3325,0
3326,0
3327,248
3328,0
3329,0
3330,297
3331,104
3332,232
3333,0
3334,205
3335,0
3336,0
3337,0
3338,205
3339,0
3340,0
3341,23
3342,0
3343,0
3344,54
3345,0
3346,390
3347,0
3348,0
3349,0
3350,0
3351,0
3352,0
3353,0
3354,0
3355,0
3356,0
3357,159
3358,0
3359,0
3360,0
3361,0
3362,0
3363,0
3364,360
3365,125
3366,0
3367,217
3368,0
3369,0
3370,197
3371,272
3372,266
3373,12
3374,250
3375,0
3376,0
3377,276
3378,80
3379,0
3380,0
3381,0
3382,0
3383,156
3384,65
3385,0
3386,0
3387,220
3388,0
3389,0
3390,361
3391,298
3392,0
3393,0
3394,0
3395,4
3396,0
3397,366
3398,0
3399,383
3400,0
3401,237
3402,0
3403,0
3404,221
3405,162
3406,371
3407,0
3408,263
3409,0
3410,3
3411,0
3412,96
3413,0
3414,206
3415,0
3416,31
3417,0
3418,118
3419,193
3420,0
3421,218
3422,397
3423,362
3424,152
3425,350
3426,0
3427,358
3428,0
3429,69
3430,0
3431,0
3432,0
3433,0
3434,312
3435,0
3436,328
3437,0
3438,246
3439,0
3440,0
3441,11
3442,0
3443,33
3444,233
3445,224
3446,165
3447,27
3448,76
3449,0
3450,257
3451,0
3452,0
3453,0
3454,30
3455,93
3456,283
3457,0
3458,208
3459,311
3460,238
3461,0
3462,388
3463,54
3464,0
3465,151
3466,326
3467,0
3468,0
3469,351
3470,0
3471,0
3472,399
3473,0
3474,93
3475,0
3476,0
3477,0
3478,0
3479,0
3480,248
3481,0
3482,76
3483,401
3484,0
3485,104
3486,0
3487,0
3488,0
3489,0
3490,0
3491,0
3492,0
3493,0
3494,403
3495,0
3496,0
3497,311
3498,0
3499,241
3500,50
3501,0
3502,0
3503,343
3504,0
3505,20
3506,0
3507,310
3508,14
3509,0
3510,33
3511,341
3512,0
3513,0
3514,0
3515,0
3516,275
3517,0
3518,0
3519,390
3520,0
3521,397
3522,0
3523,281
3524,198
3525,0
3526,225
3527,134
3528,0
3529,176
3530,386
3531,0
3532,290
3533,109
3534,124
3535,173
3536,49
3537,0
3538,0
3539,0
3540,224
3541,0
3542,174
3543,0
3544,0
3545,0
3546,0
3547,130
3548,0
3549,118
3550,0
3551,0
3552,312
3553,0
3554,0
3555,403
3556,0
3557,112
3558,0
3559,298
3560,0
3561,308
3562,0
3563,173
3564,0
3565,0
3566,379
3567,0
3568,0
3569,74
3570,212
3571,0
3572,0
3573,288
3574,0
3575,0
3576,0
3577,0
3578,23
3579,128
3580,9
3581,0
3582,0
3583,0
3584,0
3585,0
3586,147
3587,196
3588,0
3589,55
3590,207
3591,325
3592,323
3593,23
3594,131
3595,0
3596,109
3597,0
3598,0
3599,160
3600,0
3601,0
3602,0
3603,0
3604,321
3605,0
3606,49
3607,104
3608,253
3609,0
3610,0
3611,0
3612,0
3613,0
3614,0
3615,0
3616,189
3617,0
3618,0
3619,162
3620,195
3621,0
3622,0
3623,309
3624,0
3625,0
3626,0
3627,50
3628,0
3629,0
3630,125
3631,40
3632,0
3633,0
3634,0
3635,0
3636,0
3637,0
3638,136
3639,39
3640,0
3641,0
3642,65
3643,16
3644,134
3645,13
3646,0
3647,0
3648,383
3649,0
3650,68
3651,201
3652,130
3653,0
3654,0
3655,72
3656,290
3657,346
3658,0
3659,98
3660,0
3661,0
3662,166
3663,0
3664,368
3665,0
3666,386
3667,0
3668,291
3669,0
3670,321
3671,69
3672,0
3673,0
3674,0
3675,234
3676,0
3677,0
3678,285
3679,123
3680,348
3681,0
3682,132
3683,0
3684,205
3685,0
3686,0
3687,311
3688,0
3689,355
3690,160
3691,0
3692,0
3693,22
3694,167
3695,169
3696,164
3697,0
3698,0
3699,101
3700,368
3701,77
3702,181
3703,0
3704,0
3705,144
3706,146
3707,0
3708,0
3709,0
3710,0
3711,121
3712,0
3713,386
3714,0
3715,174
3716,0
3717,241
3718,0
3719,0
3720,11
3721,0
3722,86
3723,118
3724,341
3725,44
3726,356
3727,22
3728,0
3729,0
3730,0
3731,0
3732,0
3733,386
3734,0
3735,0
3736,255
3737,0
3738,116
3739,0
3740,327
3741,130
3742,294
3743,40
3744,145
3745,311
3746,23
3747,0
3748,142
3749,0
3750,0
3751,0
3752,41
3753,0
3754,0
3755,234
3756,110
3757,232
3758,297
3759,238
3760,134
3761,242
3762,107
3763,0
3764,308
3765,0
3766,0
3767,0
3768,0
3769,288
3770,211
3771,0
3772,0
3773,0
3774,220
3775,0
3776,271
3777,378
3778,0
3779,0
3780,0
3781,187
3782,151
3783,0
3784,0
3785,0
3786,0
3787,0
3788,219
3789,0
3790,0
3791,156
3792,0
3793,0
3794,207
3795,42
3796,25
3797,0
3798,0
3799,0
3800,5
3801,0
3802,0
3803,0
3804,207
3805,0
3806,0
3807,0
3808,0
3809,0
3810,0
3811,0
3812,232
3813,281
3814,0
3815,30
3816,115
3817,0
3818,159
3819,94
3820,0
3821,55
3822,0
3823,0
3824,349
3825,148
3826,40
3827,0
3828,0
3829,0
3830,0
3831,102
3832,0
3833,312
3834,0
3835,23
3836,0
3837,109
3838,0
3839,240
3840,65
3841,374
3842,0
3843,0
3844,0
3845,0
3846,0
3847,34
3848,0
3849,0
3850,0
3851,0
3852,0
3853,13
3854,83
3855,0
3856,310
3857,314
3858,0
3859,0
3860,0
3861,53
3862,0
3863,162
3864,42
3865,0
3866,0
3867,0
3868,189
3869,235
3870,0
3871,2
3872,311
3873,0
3874,0
3875,0
3876,0
3877,0
3878,0
3879,0
3880,105
3881,0
3882,296
3883,170
3884,84
3885,60
3886,248
3887,0
3888,0
3889,0
3890,281
3891,133
3892,0
3893,21
3894,0
3895,2
3896,0
3897,0
3898,40
3899,0
3900,0
3901,0
3902,0
3903,0
3904,362
3905,0
3906,163
3907,0
3908,183
3909,0
3910,0
3911,0
3912,0
3913,0
3914,0
3915,0
3916,0
3917,36
3918,0
3919,0
3920,0
3921,0
3922,206
3923,0
3924,194
3925,0
3926,179
3927,0
3928,273
3929,0
3930,0
3931,0
3932,0
3933,0
3934,130
3935,0
3936,0
3937,0
3938,280
3939,396
3940,26
3941,16
3942,68
3943,0
3944,0
3945,0
3946,0
3947,255
3948,0
3949,0
3950,34
3951,0
3952,200
3953,0
3954,0
3955,84
3956,0
3957,0
3958,335
3959,361
3960,117
3961,0
3962,351
3963,0
3964,34
3965,0
3966,0
3967,319
3968,0
3969,132
3970,0
3971,385
3972,0
3973,0
3974,304
3975,0
3976,0
3977,239
3978,0
3979,177
3980,79
3981,0
3982,386
3983,334
3984,308
3985,0
3986,0
3987,143
3988,42
3989,362
3990,48
3991,0
3992,157
3993,0
3994,0
3995,325
3996,0
3997,109
3998,229
3999,0
4000,0
4001,0
4002,0
4003,92
4004,0
4005,195
4006,0
4007,52
4008,341
4009,0
4010,15
4011,0
4012,127
4013,0
4014,0
4015,255
4016,0
4017,67
4018,0
4019,259
4020,0
4021,0
4022,0
4023,0
4024,0
4025,0
4026,265
4027,0
4028,265
4029,202
4030,152
4031,0
4032,0
4033,294
4034,0
4035,146
4036,0
4037,0
4038,85
4039,0
4040,0
4041,0
4042,303
4043,0
4044,329
4045,159
4046,0
4047,154
4048,0
4049,0
4050,242
4051,335
4052,0
4053,0
4054,0
4055,0
4056,0
4057,50
4058,0
4059,363
4060,0
4061,0
4062,0
4063,0
4064,91
4065,283
4066,0
4067,34
4068,0
4069,0
4070,0
4071,401
4072,0
4073,347
4074,192
4075,0
4076,0
4077,0
4078,369
4079,282
4080,223
4081,354
4082,208
4083,0
4084,0
4085,0
4086,0
4087,305
4088,283
4089,262
4090,183
4091,334
4092,141
4093,0
4094,0
4095,0
4096,318
4097,0
4098,286
4099,0
4100,53
4101,297
4102,0
4103,0
4104,151
4105,0
4106,0
4107,0
4108,373
4109,0
4110,0
4111,259
4112,0
4113,0
4114,276
4115,0
4116,0
4117,0
4118,208
4119,159
4120,172
4121,21
4122,0
4123,0
4124,0
4125,42
4126,0
4127,51
4128,0
4129,0
4130,0
4131,0
4132,0
4133,189
4134,0
4135,0
4136,0
4137,0
4138,173
4139,0
4140,0
4141,0
4142,393
4143,0
4144,0
4145,0
4146,0
4147,111
4148,156
4149,0
4150,0
4151,175
4152,201
4153,0
4154,0
4155,0
4156,2
4157,117
4158,61
4159,144
4160,0
4161,225
4162,0
4163,0
4164,323
4165,391
4166,245
4167,0
4168,0
4169,0
4170,260
4171,346
4172,42
4173,48
4174,386
4175,0
4176,150
4177,122
4178,0
4179,162
4180,123
4181,0
4182,303
4183,0
4184,0
4185,0
4186,374
4187,0
4188,91
4189,0
4190,314
4191,256
4192,0
4193,106
4194,0
4195,20
4196,0
4197,0
4198,161
4199,26
4200,317
4201,222
4202,0
4203,0
4204,48
4205,401
4206,9
4207,378
4208,0
4209,0
4210,141
4211,366
4212,133
4213,0
4214,0
4215,0
4216,0
4217,0
4218,0
4219,0
4220,0
4221,0
4222,49
4223,0
4224,154
4225,0
4226,0
4227,0
4228,223
4229,399
4230,170
4231,176
4232,0
4233,0
4234,0
4235,120
4236,0
4237,121
4238,51
4239,0
4240,0
4241,0
4242,0
4243,0
4244,0
4245,75
4246,0
4247,0
4248,163
4249,166
4250,0
4251,0
4252,269
4253,0
4254,370
4255,0
4256,0
4257,0
4258,0
4259,185
4260,295
4261,285
4262,0
4263,0
4264,389
4265,0
4266,0
4267,123
4268,0
4269,0
4270,0
4271,160
4272,0
4273,124
4274,0
4275,0
4276,0
4277,0
4278,0
4279,288
4280,0
4281,0
4282,0
4283,0
4284,374
4285,345
4286,0
4287,0
4288,296
4289,0
4290,335
4291,0
4292,312
4293,0
4294,36
4295,183
4296,23
4297,0
4298,114
4299,0
4300,0
4301,91
4302,0
4303,0
4304,386
4305,393
4306,308
4307,0
4308,390
4309,149
4310,0
4311,0
4312,0
4313,278
4314,0
4315,346
4316,318
4317,0
4318,323
4319,285
4320,2
4321,0
4322,50
4323,0
4324,38
4325,0
4326,0
4327,0
4328,0
4329,0
4330,0
4331,0
4332,379
4333,246
4334,292
4335,0
4336,280
4337,258
4338,0
4339,0
4340,0
4341,250
4342,41
4343,156
4344,0
4345,18
4346,0
4347,93
4348,0
4349,300
4350,0
4351,0
4352,0
4353,401
4354,0
4355,0
4356,213
4357,0
4358,255
4359,368
4360,0
4361,0
4362,0
4363,0
4364,0
4365,116
4366,0
4367,193
4368,339
4369,245
4370,186
4371,0
4372,0
4373,0
4374,0
4375,344
4376,118
4377,244
4378,224
4379,168
4380,375
4381,0
4382,151
4383,0
4384,88
4385,0
4386,386
4387,265
4388,0
4389,0
4390,216
4391,130
4392,0
4393,0
4394,83
4395,183
4396,393
4397,85
4398,0
4399,249
4400,0
4401,0
4402,0
4403,0
4404,0
4405,0
4406,157
4407,270
4408,161
4409,0
4410,374
4411,0
4412,221
4413,83
4414,170
4415,0
4416,127
4417,343
4418,0
4419,77
4420,0
4421,19
4422,227
4423,0
4424,0
4425,0
4426,153
4427,0
4428,14
4429,0
4430,0
4431,0
4432,353
4433,0
4434,0
4435,0
4436,0
4437,0
4438,318
4439,0
4440,403
4441,0
4442,0
4443,0
4444,6
4445,0
4446,0
4447,234
4448,390
4449,0
4450,0
4451,0
4452,0
4453,0
4454,223
4455,0
4456,0
4457,159
4458,75
4459,0
4460,0
4461,0
4462,0
4463,311
4464,0
4465,0
4466,0
4467,0
4468,0
4469,0
4470,295
4471,303
4472,296
4473,0
4474,252
4475,0
4476,311
4477,229
4478,28
4479,0
4480,152
4481,0
4482,225
4483,32
4484,221
4485,0
4486,1
4487,0
4488,0
4489,0
4490,0
4491,0
4492,0
4493,0
4494,0
4495,0
4496,0
4497,0
4498,0
4499,2
4500,136
4501,0
4502,0
4503,217
4504,82
4505,0
4506,0
4507,0
4508,0
4509,0
4510,0
4511,191
4512,0
4513,0
4514,0
4515,0
4516,0
4517,0
4518,0
4519,0
4520,151
4521,0
4522,23
4523,0
4524,254
4525,0
4526,0
4527,0
4528,229
4529,0
4530,0
4531,0
4532,240
4533,0
4534,0
4535,20
4536,0
4537,0
4538,0
4539,398
4540,0
4541,0
4542,0
4543,0
4544,0
4545,312
4546,0
4547,281
4548,0
4549,0
4550,0
4551,0
4552,0
4553,0
4554,0
4555,302
4556,0
4557,0
4558,0
4559,0
4560,0
4561,0
4562,0
4563,254
4564,142
4565,320
4566,195
4567,0
4568,228
4569,0
4570,273
4571,0
4572,0
4573,66
4574,0
4575,0
4576,0
4577,0
4578,95
4579,0
4580,323
4581,201
4582,0
4583,0
4584,0
4585,0
4586,0
4587,264
4588,0
4589,378
4590,206
4591,135
4592,0
4593,175
4594,0
4595,0
4596,46
4597,0
4598,38
4599,162
4600,42
4601,287
4602,137
4603,0
4604,357
4605,384
4606,362
4607,0
4608,77
4609,0
4610,49
4611,0
4612,56
4613,123
4614,132
4615,0
4616,0
4617,0
4618,0
4619,206
4620,0
4621,0
4622,95
4623,274
4624,0
4625,34
4626,0
4627,0
4628,0
4629,356
4630,0
4631,0
4632,0
4633,0
4634,90
4635,0
4636,0
4637,0
4638,0
4639,0
4640,0
4641,0
4642,174
4643,262
4644,0
4645,332
4646,168
4647,325
4648,0
4649,128
4650,10
4651,332
4652,342
4653,400
4654,0
4655,117
4656,0
4657,0
4658,0
4659,0
4660,154
4661,0
4662,0
4663,0
4664,123
4665,375
4666,42
4667,0
4668,0
4669,0
4670,0
4671,43
4672,208
4673,389
4674,235
4675,0
4676,147
4677,0
4678,0
4679,0
4680,0
4681,235
4682,0
4683,0
4684,0
4685,137
4686,0
4687,0
4688,0
4689,235
4690,29
4691,0
4692,0
4693,0
4694,0
4695,0
4696,0
4697,0
4698,0
4699,0
4700,0
4701,92
4702,369
4703,353
4704,0
4705,0
4706,0
4707,401
4708,0
4709,0
4710,0
4711,0
4712,0
4713,0
4714,172
4715,0
4716,0
4717,0
4718,0
4719,0
4720,195
4721,128
4722,0
4723,0
4724,0
4725,0
4726,0
4727,209
4728,325
4729,233
4730,27
4731,0
4732,112
4733,402
4734,355
4735,0
4736,0
4737,0
4738,0
4739,0
4740,0
4741,0
4742,27
4743,0
4744,0
4745,0
4746,28
4747,399
4748,6
4749,0
4750,0
4751,204
4752,0
4753,0
4754,267
4755,0
4756,380
4757,179
4758,206
4759,104
4760,4
4761,362
4762,0
4763,0
4764,0
4765,0
4766,0
4767,151
4768,0
4769,0
4770,0
4771,0
4772,372
4773,0
4774,0
4775,0
4776,0
4777,312
4778,285
4779,299
4780,206
4781,118
4782,304
4783,269
4784,0
4785,389
4786,0
4787,215
4788,0
4789,0
4790,0
4791,0
4792,0
4793,325
4794,0
4795,12
4796,378
4797,37
4798,0
4799,0
4800,0
4801,0
4802,116
4803,324
4804,0
4805,0
4806,255
4807,170
4808,296
4809,80
4810,370
4811,0
4812,0
4813,91
4814,331
4815,23
4816,0
4817,387
4818,0
4819,0
4820,0
4821,136
4822,0
4823,42
4824,215
4825,69
4826,0
4827,145
4828,73
4829,0
4830,232
4831,362
4832,0
4833,0
4834,50
4835,0
4836,89
4837,0
4838,0
4839,0
4840,0
4841,0
4842,324
4843,13
4844,121
4845,238
4846,0
4847,283
4848,57
4849,0
4850,0
4851,0
4852,0
4853,140
4854,201
4855,0
4856,86
4857,0
4858,78
4859,114
4860,227
4861,343
4862,0
4863,366
4864,0
4865,51
4866,0
4867,370
4868,0
4869,0
4870,376
4871,354
4872,205
4873,195
4874,94
4875,151
4876,226
4877,159
4878,0
4879,0
4880,386
4881,206
4882,268
4883,201
4884,0
4885,0
4886,68
4887,19
4888,53
4889,245
4890,0
4891,9
4892,0
4893,33
4894,0
4895,0
4896,0
4897,201
4898,0
4899,0
4900,0
4901,0
4902,370
4903,218
4904,0
4905,0
4906,312
4907,133
4908,0
4909,115
4910,292
4911,100
4912,0
4913,209
4914,0
4915,0
4916,304
4917,344
4918,134
4919,0
4920,164
4921,0
4922,0
4923,400
4924,0
4925,0
4926,0
4927,0
4928,227
4929,36
4930,0
4931,0
4932,0
4933,0
4934,303
4935,0
4936,0
4937,0
4938,0
4939,0
4940,190
4941,177
4942,0
4943,0
4944,0
4945,0
4946,0
4947,86
4948,328
4949,147
4950,0
4951,0
4952,0
4953,192
4954,0
4955,0
4956,0
4957,0
4958,0
4959,206
4960,123
4961,0
4962,0
4963,0
4964,0
4965,0
4966,324
4967,0
4968,318
4969,0
4970,0
4971,0
4972,0
4973,0
4974,0
4975,0
4976,107
4977,40
4978,0
4979,0
4980,241
4981,335
4982,0
4983,324
4984,0
4985,0
4986,0
4987,266
4988,0
4989,0
4990,0
4991,0
4992,0
4993,0
4994,0
4995,0
4996,145
4997,0
4998,0
4999,0
5000,0
5001,144
5002,281
5003,0
5004,0
5005,0
5006,0
5007,314
5008,67
5009,87
5010,283
5011,277
5012,0
5013,0
5014,0
5015,0
5016,212
5017,110
5018,22
5019,0
5020,0
5021,0
5022,0
5023,17
5024,0
5025,202
5026,0
5027,0
5028,105
5029,50
5030,0
5031,0
5032,357
5033,0
5034,375
5035,339
5036,10
5037,0
5038,0
5039,392
5040,0
5041,0
5042,0
5043,187
5044,0
5045,142
5046,0
5047,0
5048,0
5049,13
5050,0
5051,214
5052,0
5053,403
5054,123
5055,312
5056,0
5057,3
5058,401
5059,187
5060,28
5061,0
5062,0
5063,0
5064,268
5065,0
5066,0
5067,0
5068,0
5069,0
5070,0
5071,0
5072,135
5073,0
5074,0
5075,123
5076,386
5077,368
5078,329
5079,0
5080,0
5081,0
5082,0
5083,186
5084,0
5085,0
5086,0
5087,0
5088,48
5089,0
5090,0
5091,0
5092,311
5093,231
5094,0
5095,0
5096,0
5097,0
5098,0
5099,0
5100,0
5101,0
5102,0
5103,0
5104,0
5105,0
5106,210
5107,0
5108,344
5109,242
5110,0
5111,0
5112,0
5113,333
5114,0
5115,0
5116,0
5117,121
5118,151
5119,233
5120,0
5121,130
5122,399
5123,0
5124,256
5125,255
5126,0
5127,61
5128,0
5129,0
5130,0
5131,0
5132,0
5133,0
5134,0
5135,109
5136,0
5137,0
5138,0
5139,0
5140,104
5141,0
5142,0
5143,0
5144,0
5145,0
5146,93
5147,0
5148,216
5149,0
5150,0
5151,0
5152,0
5153,0
5154,363
5155,354
5156,29
5157,14
5158,0
5159,0
5160,0
5161,0
5162,218
5163,159
5164,92
5165,0
5166,13
5167,151
5168,223
5169,0
5170,0
5171,8
5172,0
5173,36
5174,0
5175,298
5176,0
5177,241
5178,0
5179,0
5180,0
5181,0
5182,232
5183,86
5184,0
5185,0
5186,270
5187,0
5188,0
5189,163
5190,0
5191,0
5192,316
5193,0
5194,0
5195,0
5196,14
5197,352
5198,241
5199,0
5200,0
5201,0
5202,0
5203,188
5204,0
5205,0
5206,0
5207,0
5208,0
5209,207
5210,272
5211,0
5212,147
5213,0
5214,3
5215,390
5216,0
5217,219
5218,126
5219,130
5220,0
5221,294
5222,0
5223,223
5224,0
5225,373
5226,0
5227,255
5228,0
5229,0
5230,0
5231,159
5232,0
5233,179
5234,0
5235,154
5236,166
5237,0
5238,176
5239,0
5240,0
5241,335
5242,0
5243,0
5244,0
5245,33
5246,0
5247,69
5248,338
5249,0
5250,56
5251,0
5252,0
5253,0
5254,311
5255,0
5256,0
5257,0
5258,52
5259,0
5260,0
5261,211
5262,0
5263,0
5264,0
5265,0
5266,0
5267,0
5268,0
5269,0
5270,0
5271,374
5272,0
5273,0
5274,0
5275,0
5276,0
5277,0
5278,0
5279,203
5280,196
5281,157
5282,78
5283,0
5284,0
5285,0
5286,0
5287,0
5288,96
5289,0
5290,393
5291,0
5292,348
5293,0
5294,388
5295,0
5296,0
5297,189
5298,0
5299,114
5300,0
5301,0
5302,88
5303,195
5304,0
5305,179
5306,158
5307,55
5308,0
5309,321
5310,63
5311,0
5312,0
5313,0
5314,167
5315,0
5316,0
5317,0
5318,269
5319,115
5320,335
5321,309
5322,0
5323,388
5324,0
5325,237
5326,280
5327,0
5328,0
5329,0
5330,0
5331,0
5332,0
5333,0
5334,139
5335,0
5336,349
5337,312
5338,50
5339,0
5340,0
5341,346
5342,0
5343,0
5344,134
5345,0
5346,0
5347,0
5348,0
5349,277
5350,0
5351,0
5352,0
5353,0
5354,0
5355,373
5356,0
5357,224
5358,0
5359,0
5360,0
5361,0
5362,0
5363,0
5364,0
5365,0
5366,97
5367,190
5368,0
5369,0
5370,0
5371,382
5372,0
5373,165
5374,0
5375,341
5376,156
5377,50
5378,231
5379,295
5380,0
5381,0
5382,274
5383,319
5384,0
5385,0
5386,55
5387,86
5388,0
5389,0
5390,0
5391,0
5392,0
5393,0
5394,0
5395,0
5396,288
5397,361
5398,0
5399,0
5400,266
5401,163
5402,287
5403,298
5404,353
5405,276
5406,0
5407,0
5408,361
5409,272
5410,167
5411,0
5412,0
5413,315
5414,0
5415,0
5416,201
5417,0
5418,0
5419,144
5420,0
5421,261
5422,0
5423,100
5424,177
5425,0
5426,0
5427,0
5428,235
5429,154
5430,0
5431,0
5432,57
5433,0
5434,217
5435,0
5436,0
5437,0
5438,349
5439,265
5440,387
5441,10
5442,0
5443,383
5444,0
5445,92
5446,73
5447,0
5448,98
5449,237
5450,333
5451,167
5452,0
5453,50
5454,0
5455,0
5456,0
5457,0
5458,0
5459,13
5460,0
5461,0
5462,0
5463,296
5464,0
5465,120
5466,0
5467,345
5468,0
5469,0
5470,0
5471,306
5472,125
5473,336
5474,0
5475,0
5476,0
5477,0
5478,0
5479,174
5480,149
5481,322
5482,0
5483,0
5484,118
5485,0
5486,0
5487,0
5488,0
5489,204
5490,130
5491,0
5492,0
5493,0
5494,0
5495,0
5496,370
5497,0
5498,94
5499,0
5500,199
5501,0
5502,0
5503,178
5504,0
5505,38
5506,33
5507,0
5508,0
5509,151
5510,0
5511,0
5512,139
5513,0
5514,278
5515,334
5516,0
5517,0
5518,0
5519,0
5520,0
5521,0
5522,0
5523,303
5524,0
5525,260
5526,220
5527,50
5528,252
5529,0
5530,284
5531,0
5532,0
5533,352
5534,0
5535,252
5536,0
5537,32
5538,369
5539,0
5540,0
5541,385
5542,0
5543,172
5544,0
5545,311
5546,233
5547,0
5548,302
5549,66
5550,172
5551,381
5552,342
5553,0
5554,275
5555,0
5556,0
5557,362
5558,0
5559,250
5560,351
5561,35
5562,0
5563,217
5564,0
5565,0
5566,0
5567,384
5568,0
5569,0
5570,150
5571,0
5572,274
5573,252
5574,0
5575,0
5576,0
5577,0
5578,0
5579,0
5580,44
5581,0
5582,151
5583,0
5584,340
5585,0
5586,296
5587,0
5588,0
5589,162
5590,0
5591,258
5592,0
5593,0
5594,0
5595,22
5596,0
5597,43
5598,0
5599,0
5600,213
5601,0
5602,75
5603,25
5604,89
5605,93
5606,39
5607,77
5608,0
5609,0
5610,170
5611,0
5612,0
5613,0
5614,0
5615,389
5616,363
5617,10
5618,0
5619,4
5620,32
5621,0
5622,0
5623,347
5624,0
5625,345
5626,0
5627,0
5628,272
5629,142
5630,250
5631,0
5632,371
5633,202
5634,4
5635,0
5636,0
5637,0
5638,367
5639,176
5640,0
5641,0
5642,0
5643,0
5644,0
5645,403
5646,0
5647,3
5648,397
5649,333
5650,181
5651,0
5652,275
5653,0
5654,0
5655,0
5656,362
5657,0
5658,0
5659,0
5660,0
5661,0
5662,168
5663,140
5664,0
5665,0
5666,0
5667,0
5668,0
5669,83
5670,0
5671,0
5672,0
5673,0
5674,80
5675,0
5676,0
5677,0
5678,159
5679,0
5680,0
5681,57
5682,0
5683,273
5684,0
5685,0
5686,0
5687,0
5688,392
5689,0
5690,0
5691,303
5692,0
5693,125
5694,0
5695,56
5696,0
5697,39
5698,155
5699,261
5700,0
5701,0
5702,0
5703,0
5704,341
5705,0
5706,223
5707,151
5708,0
5709,0
5710,0
5711,187
5712,112
5713,0
5714,0
5715,0
5716,0
5717,0
5718,0
5719,0
5720,0
5721,170
5722,0
5723,0
5724,0
5725,202
5726,114
5727,0
5728,0
5729,0
5730,236
5731,0
5732,13
5733,328
5734,379
5735,0
5736,0
5737,0
5738,0
5739,0
5740,0
5741,215
5742,0
5743,0
5744,0
5745,307
5746,0
5747,0
5748,0
5749,205
5750,55
5751,233
5752,37
5753,0
5754,123
5755,0
5756,0
5757,0
5758,335
5759,0
5760,0
5761,0
5762,115
5763,0
5764,96
5765,0
5766,0
5767,0
5768,0
5769,0
5770,220
5771,0
5772,0
5773,0
5774,0
5775,0
5776,0
5777,0
5778,205
5779,58
5780,80
5781,193
5782,0
5783,312
5784,151
5785,0
5786,0
5787,0
5788,0
5789,209
5790,0
5791,357
5792,0
5793,247
5794,20
5795,0
5796,0
5797,0
5798,385
5799,44
5800,394
5801,253
5802,0
5803,0
5804,0
5805,171
5806,0
5807,223
5808,0
5809,0
5810,0
5811,0
5812,0
5813,0
5814,245
5815,291
5816,0
5817,388
5818,0
5819,0
5820,206
5821,0
5822,363
5823,0
5824,210
5825,344
5826,0
5827,74
5828,0
5829,0
5830,228
5831,160
5832,5
5833,0
5834,0
5835,196
5836,0
5837,113
5838,0
5839,0
5840,64
5841,0
5842,0
5843,0
5844,66
5845,0
5846,238
5847,0
5848,344
5849,0
5850,0
5851,189
5852,0
5853,0
5854,0
5855,0
5856,254
5857,0
5858,0
5859,225
5860,0
5861,0
5862,0
5863,189
5864,207
5865,0
5866,155
5867,0
5868,0
5869,0
5870,0
5871,0
5872,0
5873,0
5874,193
5875,188
5876,285
5877,13
5878,0
5879,166
5880,0
5881,0
5882,0
5883,312
5884,0
5885,0
5886,0
5887,0
5888,334
5889,0
5890,0
5891,0
5892,36
5893,125
5894,361
5895,0
5896,0
5897,0
5898,162
5899,111
5900,0
5901,0
5902,0
5903,0
5904,0
5905,255
5906,0
5907,0
5908,311
5909,0
5910,0
5911,0
5912,0
5913,0
5914,0
5915,386
5916,193
5917,0
5918,341
5919,18
5920,237
5921,0
5922,12
5923,0
5924,261
5925,0
5926,0
5927,311
5928,0
5929,0
5930,0
5931,128
5932,351
5933,337
5934,0
5935,327
5936,206
5937,159
5938,98
5939,341
5940,151
5941,56
5942,0
5943,0
5944,0
5945,0
5946,0
5947,125
5948,0
5949,225
5950,0
5951,0
5952,0
5953,0
5954,0
5955,0
5956,0
5957,0
5958,0
5959,191
5960,262
5961,370
5962,0
5963,0
5964,300
5965,0
5966,23
5967,196
5968,0
5969,27
5970,0
5971,0
5972,0
5973,365
5974,0
5975,39
5976,339
5977,395
5978,0
5979,0
5980,148
5981,302
5982,0
5983,0
5984,0
5985,0
5986,100
5987,307
5988,150
5989,0
5990,0
5991,61
5992,0
5993,0
5994,0
5995,0
5996,199
5997,0
5998,23
5999,383
6000,0
6001,238
6002,0
6003,158
6004,0
6005,135
6006,0
6007,0
6008,0
6009,49
6010,0
6011,164
6012,0
6013,396
6014,0
6015,206
6016,0
6017,392
6018,122
6019,225
6020,0
6021,0
6022,397
6023,220
6024,0
6025,188
6026,303
6027,0
6028,0
6029,0
6030,0
6031,0
6032,0
6033,60
6034,228
6035,0
6036,0
6037,311
6038,213
6039,0
6040,0
6041,351
6042,0
6043,0
6044,0
6045,0
6046,388
6047,0
6048,0
6049,0
6050,0
6051,0
6052,0
6053,273
6054,0
6055,0
6056,0
6057,0
6058,0
6059,0
6060,144
6061,0
6062,0
6063,389
6064,0
6065,358
6066,0
6067,0
6068,153
6069,0
6070,0
6071,0
6072,0
6073,0
6074,106
6075,264
6076,0
6077,0
6078,0
6079,246
6080,0
6081,0
6082,301
6083,0
6084,41
6085,0
6086,55
6087,0
6088,113
6089,354
6090,0
6091,382
6092,0
6093,157
6094,0
6095,0
6096,0
6097,0
6098,0
6099,0
6100,0
6101,292
6102,309
6103,0
6104,0
6105,0
6106,0
6107,0
6108,0
6109,376
6110,0
6111,0
6112,0
6113,0
6114,0
6115,0
6116,0
6117,0
6118,0
6119,204
6120,0
6121,0
6122,0
6123,125
6124,103
6125,0
6126,0
6127,0
6128,48
6129,0
6130,0
6131,0
6132,0
6133,0
6134,0
6135,0
6136,285
6137,0
6138,0
6139,229
6140,0
6141,0
6142,240
6143,0
6144,32
6145,94
6146,170
6147,0
6148,0
6149,0
6150,206
6151,0
6152,151
6153,0
6154,0
6155,116
6156,158
6157,123
6158,317
6159,0
6160,0
6161,257
6162,0
6163,0
6164,0
6165,0
6166,133
6167,312
6168,0
6169,0
6170,0
6171,321
6172,0
6173,0
6174,0
6175,0
6176,211
6177,0
6178,215
6179,0
6180,0
6181,0
6182,23
6183,0
6184,94
6185,103
6186,399
6187,57
6188,24
6189,129
6190,0
6191,0
6192,0
6193,0
6194,0
6195,368
6196,0
6197,325
6198,0
6199,106
6200,100
6201,13
6202,0
6203,296
6204,103
6205,273
6206,0
6207,12
6208,170
6209,33
6210,295
6211,0
6212,0
6213,0
6214,0
6215,0
6216,0
6217,0
6218,0
6219,0
6220,0
6221,238
6222,33
6223,0
6224,0
6225,308
6226,0
6227,0
6228,0
6229,0
6230,40
6231,0
6232,0
6233,0
6234,197
6235,233
6236,329
6237,311
6238,0
6239,0
6240,210
6241,0
6242,0
6243,0
6244,261
6245,0
6246,358
6247,0
6248,0
6249,0
6250,61
6251,30
6252,0
6253,169
6254,292
6255,0
6256,337
6257,274
6258,132
6259,343
6260,0
6261,0
6262,209
6263,0
6264,122
6265,0
6266,331
6267,0
6268,0
6269,0
6270,0
6271,191
6272,130
6273,0
6274,0
6275,0
6276,0
6277,0
6278,0
6279,40
6280,335
6281,393
6282,120
6283,0
6284,0
6285,0
6286,0
6287,0
6288,123
6289,0
6290,0
6291,312
6292,0
6293,0
6294,51
6295,117
6296,0
6297,0
6298,0
6299,345
6300,318
6301,0
6302,0
6303,38
6304,0
6305,0
6306,250
6307,0
6308,0
6309,35
6310,0
6311,209
6312,110
6313,0
6314,6
6315,0
6316,95
6317,112
6318,0
6319,0
6320,0
6321,0
6322,0
6323,51
6324,0
6325,0
6326,0
6327,0
6328,0
6329,0
6330,124
6331,0
6332,0
6333,295
6334,193
6335,0
6336,150
6337,0
6338,0
6339,0
6340,0
6341,268
6342,0
6343,0
6344,0
6345,0
6346,376
6347,222
6348,0
6349,350
6350,0
6351,0
6352,168
6353,277
6354,0
6355,0
6356,270
6357,0
6358,0
6359,0
6360,0
6361,401
6362,169
6363,250
6364,0
6365,0
6366,301
6367,93
6368,142
6369,33
6370,389
6371,373
6372,0
6373,69
6374,0
6375,0
6376,352
6377,0
6378,0
6379,359
6380,0
6381,226
6382,0
6383,0
6384,0
6385,0
6386,0
6387,346
6388,0
6389,0
6390,262
6391,0
6392,0
6393,0
6394,0
6395,314
6396,0
6397,0
6398,3
6399,0
6400,0
6401,288
6402,388
6403,341
6404,0
6405,0
6406,0
6407,0
6408,189
6409,0
6410,0
6411,49
6412,379
6413,0
6414,0
6415,0
6416,0
6417,296
6418,0
6419,0
6420,0
6421,46
6422,48
6423,0
6424,0
6425,0
6426,102
6427,0
6428,285
6429,48
6430,0
6431,303
6432,0
6433,0
6434,0
6435,164
6436,0
6437,0
6438,0
6439,302
6440,0
6441,162
6442,0
6443,0
6444,119
6445,308
6446,0
6447,85
6448,250
6449,0
6450,114
6451,0
6452,0
6453,311
6454,232
6455,0
6456,0
6457,236
6458,269
6459,267
6460,0
6461,130
6462,386
6463,0
6464,0
6465,0
6466,0
6467,0
6468,0
6469,242
6470,0
6471,79
6472,0
6473,236
6474,0
6475,0
6476,209
6477,368
6478,138
6479,0
6480,0
6481,0
6482,0
6483,176
6484,0
6485,397
6486,0
6487,151
6488,354
6489,121
6490,0
6491,0
6492,0
6493,0
6494,126
6495,0
6496,336
6497,0
6498,0
6499,0
6500,0
6501,0
6502,0
6503,0
6504,400
6505,31
6506,305
6507,51
6508,0
6509,91
6510,0
6511,0
6512,0
6513,0
6514,0
6515,0
6516,0
6517,0
6518,0
6519,0
6520,119
6521,0
6522,28
6523,0
6524,0
6525,151
6526,47
6527,0
6528,30
6529,0
6530,0
6531,366
6532,0
6533,387
6534,0
6535,0
6536,0
6537,0
6538,0
6539,0
6540,300
6541,0
6542,118
6543,0
6544,93
6545,140
6546,13
6547,0
6548,60
6549,204
6550,0
6551,0
6552,0
6553,0
6554,0
6555,0
6556,0
6557,131
6558,0
6559,379
6560,129
6561,0
6562,0
6563,0
6564,313
6565,0
6566,0
6567,0
6568,48
6569,0
6570,0
6571,251
6572,160
6573,70
6574,66
6575,241
6576,314
6577,0
6578,0
6579,277
6580,386
6581,0
6582,81
6583,170
6584,258
6585,0
6586,123
6587,176
6588,0
6589,0
6590,0
6591,35
6592,359
6593,153
6594,0
6595,0
6596,0
6597,197
6598,273
6599,94
6600,0
6601,0
6602,117
6603,88
6604,0
6605,0
6606,210
6607,325
6608,0
6609,0
6610,0
6611,0
6612,0
6613,141
6614,0
6615,0
6616,0
6617,0
6618,382
6619,0
6620,0
6621,0
6622,0
6623,0
6624,332
6625,0
6626,0
6627,0
6628,0
6629,6
6630,0
6631,380
6632,210
6633,313
6634,0
6635,0
6636,134
6637,0
6638,331
6639,280
6640,0
6641,0
6642,0
6643,0
6644,112
6645,316
6646,0
6647,0
6648,0
6649,303
6650,0
6651,0
6652,0
6653,0
6654,0
6655,0
6656,158
6657,0
6658,0
6659,360
6660,387
6661,276
6662,27
6663,209
6664,0
6665,0
6666,0
6667,55
6668,271
6669,0
6670,212
6671,0
6672,0
6673,318
6674,289
6675,352
6676,182
6677,330
6678,0
6679,0
6680,0
6681,72
6682,336
6683,0
6684,95
6685,357
6686,0
6687,230
6688,0
6689,392
6690,381
6691,63
6692,69
6693,240
6694,307
6695,219
6696,402
6697,0
6698,0
6699,0
6700,0
6701,32
6702,391
6703,0
6704,0
6705,0
6706,0
6707,0
6708,317
6709,0
6710,0
6711,295
6712,0
6713,377
6714,0
6715,0
6716,319
6717,0
6718,269
6719,160
6720,135
6721,300
6722,174
6723,0
6724,36
6725,84
6726,0
6727,0
6728,365
6729,233
6730,0
6731,153
6732,0
6733,0
6734,0
6735,156
6736,115
6737,0
6738,0
6739,0
6740,110
6741,241
6742,0
6743,0
6744,0
6745,212
6746,0
6747,0
6748,34
6749,325
6750,0
6751,63
6752,52
6753,0
6754,0
6755,157
6756,0
6757,0
6758,98
6759,0
6760,0
6761,187
6762,297
6763,342
6764,113
6765,51
6766,65
6767,0
6768,0
6769,373
6770,396
6771,287
6772,0
6773,0
6774,0
6775,255
6776,0
6777,254
6778,125
6779,0
6780,0
6781,0
6782,0
6783,302
6784,0
6785,0
6786,0
6787,274
6788,223
6789,0
6790,26
6791,3
6792,0
6793,165
6794,0
6795,0
6796,289
6797,0
6798,0
6799,123
6800,0
6801,0
6802,284
6803,0
6804,0
6805,0
6806,324
6807,0
6808,211
6809,45
6810,260
6811,74
6812,190
6813,363
6814,0
6815,0
6816,0
6817,0
6818,0
6819,0
6820,39
6821,269
6822,0
6823,0
6824,210
6825,0
6826,69
6827,202
6828,197
6829,0
6830,376
6831,336
6832,0
6833,341
6834,0
6835,0
6836,0
6837,73
6838,178
6839,0
6840,0
6841,28
6842,153
6843,0
6844,0
6845,0
6846,209
6847,0
6848,0
6849,0
6850,86
6851,0
6852,0
6853,341
6854,0
6855,0
6856,28
6857,72
6858,261
6859,329
6860,101
6861,161
6862,16
6863,33
6864,0
6865,0
6866,0
6867,99
6868,0
6869,0
6870,0
6871,49
6872,239
6873,0
6874,110
6875,0
6876,0
6877,295
6878,360
6879,21
6880,0
6881,0
6882,261
6883,116
6884,0
6885,0
6886,150
6887,0
6888,0
6889,0
6890,361
6891,0
6892,70
6893,59
6894,369
6895,184
6896,0
6897,0
6898,0
6899,0
6900,0
6901,0
6902,0
6903,141
6904,7
6905,0
6906,0
6907,0
6908,0
6909,0
6910,168
6911,0
6912,0
6913,314
6914,87
6915,0
6916,0
6917,0
6918,0
6919,0
6920,0
6921,332
6922,0
6923,0
6924,106
6925,200
6926,273
6927,0
6928,389
6929,289
6930,28
6931,0
6932,0
6933,6
6934,108
6935,0
6936,18
6937,33
6938,188
6939,0
6940,378
6941,0
6942,170
6943,0
6944,12
6945,0
6946,0
6947,0
6948,75
6949,0
6950,0
6951,71
6952,0
6953,108
6954,294
6955,0
6956,0
6957,79
6958,307
6959,50
6960,0
6961,0
6962,217
6963,14
6964,0
6965,0
6966,0
6967,0
6968,0
6969,0
6970,109
6971,324
6972,299
6973,0
6974,386
6975,0
6976,401
6977,331
6978,0
6979,329
6980,0
6981,0
6982,15
6983,0
6984,0
6985,101
6986,0
6987,0
6988,391
6989,250
6990,31
6991,0
6992,74
6993,0
6994,85
6995,0
6996,0
6997,0
6998,0
6999,138
7000,0
7001,272
7002,0
7003,82
7004,57
7005,0
7006,0
7007,0
7008,0
7009,0
7010,151
7011,33
7012,0
7013,0
7014,51
7015,369
7016,0
7017,0
7018,0
7019,353
7020,182
7021,109
7022,5
7023,0
7024,0
7025,0
7026,276
7027,0
7028,290
7029,88
7030,0
7031,0
7032,0
7033,0
7034,0
7035,0
7036,378
7037,0
7038,394
7039,0
7040,31
7041,0
7042,135
7043,0
7044,125
7045,232
7046,145
7047,147
7048,265
7049,0
7050,381
7051,0
7052,331
7053,337
7054,0
7055,160
7056,0
7057,0
7058,0
7059,46
7060,0
7061,151
7062,0
7063,0
7064,332
7065,242
7066,0
7067,0
7068,106
7069,0
7070,66
7071,230
7072,125
7073,0
7074,25
7075,48
7076,252
7077,0
7078,0
7079,250
7080,0
7081,255
7082,0
7083,123
7084,0
7085,0
7086,306
7087,0
7088,298
7089,0
7090,154
7091,221
7092,0
7093,326
7094,160
7095,0
7096,262
7097,0
7098,206
7099,285
7100,42
7101,0
7102,251
7103,313
7104,0
7105,0
7106,0
7107,0
7108,0
7109,0
7110,0
7111,0
7112,0
7113,247
7114,0
7115,0
7116,0
7117,68
7118,0
7119,0
7120,0
7121,346
7122,182
7123,8
7124,0
7125,293
7126,48
7127,0
7128,277
7129,370
7130,0
7131,0
7132,0
7133,0
7134,0
7135,43
7136,86
7137,144
7138,239
7139,147
7140,0
7141,92
7142,296
7143,0
7144,0
7145,0
7146,192
7147,0
7148,0
7149,0
7150,331
7151,0
7152,0
7153,0
7154,320
7155,0
7156,0
7157,73
7158,0
7159,0
7160,244
7161,177
7162,374
7163,341
7164,0
7165,256
7166,298
7167,0
7168,0
7169,0
7170,0
7171,0
7172,0
7173,0
7174,360
7175,255
7176,0
7177,402
7178,0
7179,315
7180,0
7181,0
7182,393
7183,308
7184,0
7185,0
7186,0
7187,0
7188,11
7189,0
7190,399
7191,0
7192,0
7193,220
7194,310
7195,328
7196,33
7197,0
7198,0
7199,369
7200,210
7201,288
7202,117
7203,33
7204,286
7205,0
7206,0
7207,199
7208,140
7209,0
7210,0
7211,0
7212,0
7213,157
7214,0
7215,234
7216,161
7217,0
7218,15
7219,0
7220,0
7221,0
7222,0
7223,124
7224,0
7225,0
7226,0
7227,0
7228,0
7229,0
7230,0
7231,42
7232,0
7233,0
7234,0
7235,0
7236,206
7237,0
7238,0
7239,342
7240,232
7241,0
7242,0
7243,0
7244,54
7245,0
7246,0
7247,159
7248,340
7249,33
7250,362
7251,346
7252,0
7253,298
7254,0
7255,0
7256,96
7257,0
7258,358
7259,151
7260,150
7261,0
7262,341
7263,263
7264,0
7265,247
7266,0
7267,0
7268,0
7269,355
7270,161
7271,286
7272,0
7273,42
7274,0
7275,0
7276,0
7277,149
7278,14
7279,0
7280,348
7281,0
7282,227
7283,0
7284,0
7285,397
7286,43
7287,0
7288,150
7289,285
7290,0
7291,0
7292,0
7293,0
7294,0
7295,0
7296,0
7297,0
7298,0
7299,0
7300,0
7301,0
7302,0
7303,0
7304,171
7305,0
7306,0
7307,0
7308,0
7309,0
7310,0
7311,40
7312,211
7313,49
7314,232
7315,0
7316,259
7317,0
7318,0
7319,0
7320,0
7321,0
7322,0
7323,0
7324,341
7325,384
7326,0
7327,0
7328,227
7329,0
7330,106
7331,157
7332,0
7333,253
7334,44
7335,390
7336,0
7337,0
7338,0
7339,0
7340,219
7341,0
7342,0
7343,127
7344,99
7345,0
7346,0
7347,239
7348,0
7349,0
7350,384
7351,116
7352,206
7353,0
7354,392
7355,0
7356,0
7357,0
7358,312
7359,0
7360,203
7361,0
7362,89
7363,0
7364,357
7365,359
7366,216
7367,150
7368,184
7369,0
7370,388
7371,391
7372,0
7373,0
7374,255
7375,159
7376,0
7377,0
7378,316
7379,0
7380,0
7381,0
7382,320
7383,0
7384,0
7385,0
7386,0
7387,0
7388,377
7389,108
7390,43
7391,0
7392,397
7393,0
7394,134
7395,0
7396,208
7397,177
7398,0
7399,13
7400,32
7401,0
7402,0
7403,54
7404,0
7405,0
7406,0
7407,0
7408,0
7409,92
7410,0
7411,0
7412,0
7413,153
7414,34
7415,41
7416,0
7417,109
7418,0
7419,0
7420,122
7421,0
7422,156
7423,0
7424,0
7425,195
7426,128
7427,261
7428,0
7429,267
7430,139
7431,32
7432,0
7433,109
7434,376
7435,0
7436,47
7437,375
7438,196
7439,183
7440,116
7441,0
7442,126
7443,85
7444,0
7445,113
7446,0
7447,115
7448,159
7449,0
7450,0
7451,0
7452,0
7453,0
7454,156
7455,0
7456,0
7457,301
7458,0
7459,0
7460,0
7461,0
7462,270
7463,122
7464,0
7465,242
7466,157
7467,284
7468,0
7469,0
7470,0
7471,243
7472,271
7473,0
7474,0
7475,0
7476,0
7477,44
7478,199
7479,285
7480,0
7481,285
7482,78
7483,0
7484,96
7485,0
7486,81
7487,353
7488,9
7489,115
7490,0
7491,268
7492,0
7493,153
7494,0
7495,0
7496,272
7497,181
7498,0
7499,0
7500,141
7501,197
7502,0
7503,177
7504,14
7505,20
7506,92
7507,43
7508,0
7509,105
7510,0
7511,0
7512,28
7513,0
7514,0
7515,147
7516,0
7517,278
7518,220
7519,0
7520,313
7521,0
7522,0
7523,112
7524,344
7525,360
7526,0
7527,0
7528,0
7529,0
7530,0
7531,368
7532,160
7533,0
7534,0
7535,294
7536,0
7537,0
7538,0
7539,0
7540,386
7541,0
7542,0
7543,0
7544,356
7545,152
7546,0
7547,362
7548,129
7549,0
7550,139
7551,349
7552,132
7553,0
7554,0
7555,0
7556,0
7557,0
7558,0
7559,8
7560,332
7561,0
7562,0
7563,0
7564,0
7565,67
7566,0
7567,0
7568,0
7569,0
7570,342
7571,399
7572,0
7573,0
7574,320
7575,66
7576,0
7577,0
7578,0
7579,0
7580,0
7581,42
7582,393
7583,0
7584,303
7585,0
7586,30
7587,0
7588,0
7589,0
7590,0
7591,153
7592,0
7593,33
7594,0
7595,195
7596,0
7597,0
7598,0
7599,0
7600,43
7601,13
7602,0
7603,78
7604,100
7605,277
7606,229
7607,0
7608,33
7609,0
7610,272
7611,335
7612,146
7613,0
7614,322
7615,341
7616,0
7617,234
7618,0
7619,198
7620,34
7621,0
7622,0
7623,0
7624,0
7625,0
7626,0
7627,376
7628,273
7629,0
7630,368
7631,206
7632,0
7633,0
7634,0
7635,67
7636,87
7637,0
7638,0
7639,0
7640,199
7641,206
7642,0
7643,0
7644,326
7645,231
7646,0
7647,0
7648,229
7649,0
7650,0
7651,282
7652,313
7653,0
7654,0
7655,0
7656,335
7657,0
7658,0
7659,231
7660,355
7661,0
7662,0
7663,0
7664,376
7665,0
7666,250
7667,0
7668,0
7669,0
7670,39
7671,239
7672,143
7673,159
7674,0
7675,0
7676,123
7677,0
7678,0
7679,0
7680,0
7681,0
7682,0
7683,167
7684,219
7685,0
7686,95
7687,0
7688,0
7689,0
7690,0
7691,0
7692,304
7693,0
7694,0
7695,84
7696,66
7697,116
7698,303
7699,0
7700,293
7701,396
7702,223
7703,0
7704,0
7705,0
7706,0
7707,0
7708,76
7709,0
7710,0
7711,159
7712,0
7713,28
7714,0
7715,0
7716,0
7717,0
7718,203
7719,0
7720,0
7721,0
7722,0
7723,0
7724,64
7725,0
7726,0
7727,0
7728,0
7729,0
7730,0
7731,399
7732,52
7733,0
7734,107
7735,0
7736,0
7737,0
7738,68
7739,0
7740,118
7741,0
7742,402
7743,0
7744,224
7745,0
7746,0
7747,146
7748,122
7749,22
7750,0
7751,0
7752,362
7753,0
7754,324
7755,0
7756,0
7757,112
7758,0
7759,0
7760,0
7761,0
7762,144
7763,0
7764,0
7765,257
7766,0
7767,229
7768,0
7769,0
7770,0
7771,0
7772,0
7773,167
7774,396
7775,3
7776,0
7777,256
7778,104
7779,0
7780,0
7781,0
7782,122
7783,368
7784,0
7785,0
7786,0
7787,0
7788,0
7789,6
7790,0
7791,0
7792,0
7793,1
7794,0
7795,0
7796,202
7797,0
7798,118
7799,0
7800,185
7801,350
7802,39
7803,0
7804,0
7805,271
7806,320
7807,28
7808,0
7809,362
7810,312
7811,0
7812,0
7813,244
7814,0
7815,0
7816,0
7817,303
7818,374
7819,0
7820,0
7821,0
7822,0
7823,0
7824,0
7825,329
7826,0
7827,271
7828,0
7829,371
7830,53
7831,0
7832,300
7833,218
7834,0
7835,333
7836,135
7837,136
7838,60
7839,0
7840,109
7841,341
7842,0
7843,82
7844,0
7845,0
7846,0
7847,295
7848,285
7849,0
7850,151
7851,238
7852,0
7853,120
7854,0
7855,0
7856,201
7857,0
7858,0
7859,0
7860,0
7861,195
7862,186
7863,136
7864,0
7865,0
7866,0
7867,0
7868,0
7869,0
7870,0
7871,0
7872,150
7873,0
7874,23
7875,0
7876,0
7877,0
7878,32
7879,0
7880,0
7881,0
7882,0
7883,0
7884,282
7885,0
7886,0
7887,151
7888,0
7889,372
7890,256
7891,0
7892,85
7893,323
7894,0
7895,0
7896,0
7897,0
7898,337
7899,376
7900,0
7901,71
7902,0
7903,0
7904,0
7905,0
7906,0
7907,80
7908,331
7909,0
7910,0
7911,0
7912,0
7913,0
7914,0
7915,0
7916,0
7917,0
7918,177
7919,176
7920,252
7921,1
7922,71
7923,0
7924,203
7925,0
7926,396
7927,399
7928,103
7929,0
7930,0
7931,102
7932,0
7933,0
7934,228
7935,115
7936,240
7937,275
7938,368
7939,78
7940,0
7941,0
7942,0
7943,0
7944,300
7945,0
7946,153
7947,238
7948,219
7949,314
7950,155
7951,0
7952,0
7953,228
7954,0
7955,0
7956,0
7957,120
7958,302
7959,369
7960,371
7961,0
7962,96
7963,126
7964,0
7965,0
7966,0
7967,338
7968,0
7969,45
7970,0
7971,127
7972,0
7973,370
7974,235
7975,0
7976,0
7977,0
7978,382
7979,298
7980,0
7981,0
7982,0
7983,0
7984,299
7985,0
7986,356
7987,0
7988,200
7989,0
7990,0
7991,0
7992,229
7993,0
7994,370
7995,0
7996,16
7997,0
7998,0
7999,0
8000,0
8001,0
8002,0
8003,213
8004,0
8005,0
8006,0
8007,0
8008,365
8009,0
8010,244
8011,0
8012,171
8013,0
8014,0
8015,0
8016,0
8017,120
8018,223
8019,9
8020,390
8021,0
8022,0
8023,361
8024,0
8025,270
8026,0
8027,0
8028,0
8029,0
8030,0
8031,285
8032,256
8033,45
8034,0
8035,363
8036,0
8037,239
8038,0
8039,0
8040,0
8041,0
8042,0
8043,0
8044,0
8045,0
8046,0
8047,0
8048,0
8049,0
8050,0
8051,0
8052,186
8053,69
8054,0
8055,40
8056,60
8057,148
8058,0
8059,224
8060,0
8061,18
8062,279
8063,189
8064,0
8065,0
8066,0
8067,0
8068,369
8069,106
8070,0
8071,202
8072,383
8073,0
8074,0
8075,238
8076,68
8077,331
8078,0
8079,119
8080,0
8081,164
8082,67
8083,7
8084,0
8085,91
8086,0
8087,245
8088,87
8089,400
8090,0
8091,390
8092,106
8093,0
8094,401
8095,299
8096,338
8097,205
8098,0
8099,0
8100,0
8101,369
8102,23
8103,0
8104,0
8105,359
8106,0
8107,337
8108,109
8109,0
8110,0
8111,0
8112,0
8113,188
8114,0
8115,0
8116,337
8117,0
8118,0
8119,0
8120,0
8121,0
8122,305
8123,0
8124,0
8125,384
8126,0
8127,126
8128,343
8129,177
8130,0
8131,13
8132,0
8133,0
8134,43
8135,59
8136,0
8137,0
8138,281
8139,67
8140,0
8141,48
8142,0
8143,0
8144,0
8145,0
8146,388
8147,0
8148,380
8149,227
8150,0
8151,0
8152,0
8153,309
8154,0
8155,0
8156,0
8157,273
8158,315
8159,0
8160,0
8161,222
8162,170
8163,0
8164,0
8165,62
8166,125
8167,0
8168,0
8169,0
8170,0
8171,0
8172,0
8173,90
8174,0
8175,349
8176,206
8177,0
8178,0
8179,384
8180,0
8181,360
8182,0
8183,188
8184,0
8185,0
8186,312
8187,156
8188,0
8189,161
8190,75
8191,0
8192,59
8193,0
8194,0
8195,196
8196,9
8197,147
8198,86
8199,0
8200,0
8201,95
8202,0
8203,328
8204,390
8205,194
8206,108
8207,277
8208,368
8209,0
8210,0
8211,0
8212,0
8213,0
8214,164
8215,0
8216,0
8217,0
8218,0
8219,294
8220,0
8221,316
8222,139
8223,58
8224,0
8225,0
8226,276
8227,0
8228,205
8229,0
8230,88
8231,355
8232,6
8233,164
8234,0
8235,116
8236,0
8237,0
8238,0
8239,0
8240,281
8241,390
8242,21
8243,0
8244,0
8245,0
8246,0
8247,0
8248,123
8249,0
8250,0
8251,374
8252,0
8253,0
8254,280
8255,0
8256,0
8257,145
8258,0
8259,0
8260,334
8261,0
8262,0
8263,133
8264,0
8265,0
8266,334
8267,175
8268,236
8269,0
8270,162
8271,0
8272,356
8273,36
8274,0
8275,0
8276,0
8277,0
8278,164
8279,0
8280,0
8281,359
8282,360
8283,0
8284,0
8285,210
8286,20
8287,0
8288,0
8289,0
8290,282
8291,32
8292,0
8293,0
8294,0
8295,244
8296,57
8297,370
8298,0
8299,0
8300,0
8301,0
8302,0
8303,0
8304,0
8305,331
8306,0
8307,152
8308,274
8309,283
8310,330
8311,255
8312,272
8313,255
8314,10
8315,0
8316,0
8317,0
8318,227
8319,117
8320,0
8321,99
8322,168
8323,172
8324,396
8325,0
8326,38
8327,179
8328,0
8329,132
8330,145
8331,0
8332,93
8333,0
8334,0
8335,223
8336,51
8337,195
8338,0
8339,0
8340,0
8341,0
8342,0
8343,0
8344,0
8345,398
8346,0
8347,0
8348,0
8349,275
8350,376
8351,3
8352,0
8353,363
8354,91
8355,50
8356,0
8357,0
8358,312
8359,0
8360,190
8361,0
8362,71
8363,0
8364,398
8365,342
8366,0
8367,0
8368,0
8369,0
8370,0
8371,255
8372,0
8373,312
8374,0
8375,0
8376,5
8377,0
8378,211
8379,188
8380,0
8381,0
8382,158
8383,390
8384,0
8385,0
8386,0
8387,0
8388,0
8389,296
8390,0
8391,144
8392,0
8393,166
8394,0
8395,0
8396,294
8397,0
8398,390
8399,0
8400,341
8401,123
8402,7
8403,0
8404,0
8405,0
8406,0
8407,0
8408,0
8409,347
8410,58
8411,401
8412,0
8413,346
8414,0
8415,117
8416,0
8417,0
8418,0
8419,388
8420,328
8421,0
8422,0
8423,32
8424,0
8425,0
8426,0
8427,91
8428,396
8429,255
8430,34
8431,0
8432,254
8433,262
8434,69
8435,81
8436,251
8437,0
8438,120
8439,0
